HTTP-FwjHva32ssyrJyM65j.js,23defe80a8255bf819874877f42a0f63,ff0b1f7acd32ecbbee828eb30cdee352c1a3884e707c083a5fcdcf3147964a94-1511556594,0
HTTP-FIDR6j4cTuDxv2vLW4.png,46531524b8f2a1289d579d7a595f7785,NULL,0
HTTP-FQ9O762L2zD0KD9eGl.gif,6e055a03e9f4f740d8432d3bd5e3d94a,NULL,0
HTTP-FdNnfG3oDy6fk9trAb.png,f2d838c236fba780555c4bdb11e03ab3,NULL,0
HTTP-FJXjYzpcAolC2WN91.png,b1c83cbc269bc143896c64e98b6e7048,NULL,0
HTTP-F54Egt1HdDdLXW2jr7.txt,3d0e4900935e4360d58c10aafc5f7819,NULL,0
HTTP-F12Yw5O152tfmRdPj.png,70d86d4bc2e7c7bc7dc3e470265e7534,NULL,0
HTTP-FiORPObp2ZR7M1Wi9.txt,435cf8dc3d137d57d3456288cb9f5662,NULL,0
HTTP-FNFDXa1cn9GDFvwaK2.png,c7c056d0ad2e33d1826e6605e5249af8,NULL,0
HTTP-FtNOwn28bo3h3S3rpj.txt,ba843c0b80ee19185834df705ced9e93,NULL,0
HTTP-F9Xxst2X2tVDKCWlp3.png,e9ad80b420d6b5cf90f782ad9811ce91,NULL,0
HTTP-FKYYl9KSASPnRn6S6.jpg,dfbde4025c80e4ce1006f502a0c0490b,NULL,0
HTTP-FxQwj71O2VXCtqEo22.txt,6f0a88635c1ac684092235bc6effb8ad,NULL,0
HTTP-FuXiEW1tNN2wh31oQc.png,2c55b3368f66b3433cf23bb50242c728,NULL,0
HTTP-FjxrQRmhosVRLgm16.txt,4027d7ffdd1219e0e2d78e16b79963c9,NULL,0
HTTP-FdKVJk7btjZirR2z3.jpg,71e036e33e1776746dfd7aff552f5e4a,NULL,0
HTTP-Fq4uodKX8xNgUq134.txt,21eba7e591f4d232ee95e69384b5ab1b,NULL,0
HTTP-FuKOnT2qypKxzW4oa5.png,1eb8ceffe2fa916562673d2e6551e72a,NULL,0
HTTP-F0DD9y4jCdRQotMIil.jpg,bde0798a4fa5fcd9b2a86811b5e5cabb,NULL,0
HTTP-F1wWCLlWlelKLQKdk.png,5461d381f860983c79b518a1c1fb8a6f,NULL,0
HTTP-FTiNB61ckvmZbu7HI6.png,2e052809fae47a1da986dca727fdbbd6,NULL,0
HTTP-FlXUpf4v2wVKzCbsIe.jpg,62853d914f44405da992588be441dd98,NULL,0
HTTP-F8fkqmQtw82seOuDi.png,6591685b00c0060dd6999610d34962c2,NULL,0
HTTP-FEGZCo2lGKUlPAjhrc.txt,472a99a52a170d454f9a520165c227c5,NULL,0
HTTP-FNRzHD3319ixbI0NV.gif,325472601571f31e1bf00674c368d335,NULL,0
HTTP-FQxn7i4SgAfrNPfGkd.png,53b6a87707c42ca000a36dc68acecf16,NULL,0
HTTP-FRWTTU3ZQgPZlsVLM3.txt,8333f4ee2245f8d73a1730f6f26e76da,NULL,0
HTTP-FKWFqE3M9E1e1nihHb.png,6596896382a255ab309da7c018312b13,NULL,0
HTTP-F4wO6W16xqHUUlCv75.png,edc127b253ebc9336454dd1974482399,NULL,0
HTTP-Fhbw8l1YSilLB169z4.txt,5725bfc24d2d372c8c674b97c64a14a8,NULL,0
HTTP-FEPa1HybDhxhbHNZ5.jpg,5e5e91163d54b41cb5957792e294bd00,NULL,0
HTTP-F7KCOB4skehHB0v1th.png,055f8271c3680280cfbfc555862eb601,NULL,0
HTTP-FsoYzd2Pu7HtvU4wN4.jpg,9038eaab80eea43ba41bea1d80a7ccda,NULL,0
HTTP-FjoEPr1OqN510kOqx9.png,ac723ae7f62788ca593709964109865b,NULL,0
HTTP-FttJ5J1U3nUm8Vbc7h.png,d1fbaaf97cf338818900343755ead378,NULL,0
HTTP-FByywTJXSkuyvHz95.jpg,98d9a2a38498bed5b59ab9ad5659c8fc,NULL,0
HTTP-FVIT0f2HPn5dQdXI6b.png,cc3350f2edf6625081223bb26c2175d8,NULL,0
HTTP-Fkp1I4yfnyqunPuFf.jpg,596d3f6d2bbbc177275a8053a8c3e328,NULL,0
HTTP-FAedapbRSMIPp6Fv.txt,7d71e9d977b54fef949566715cde12ac,NULL,0
HTTP-FZSik46i20xXGwwZk.png,32e8931ab73369572a5429853589c3b5,NULL,0
HTTP-F4Mv7W2FMgm43A3wX6.png,7472ee96ae52128ee3a5a8386f1cd1f6,NULL,0
HTTP-Fw33XZ1121y0hM4Fmb.png,2d80a1f71c64e04b7ac16a4884c91092,NULL,0
HTTP-FblcMv6c3Eh2jY7V8.jpg,f35382ad2794d8137c40319b4eacf62b,NULL,0
HTTP-FNAv7v2Vy7Pa4Ddyz3.txt,e6702eb6fba7364988a68e210f774c81,NULL,0
HTTP-Fk5Ede4V91Aa4bNoX7.jpg,d1be3991ce41a788e606c0cc5f8f5cac,NULL,0
HTTP-FSqFEF2zG3NxiIJBfc.gif,354857de9229bae15647fbc6364a4b19,NULL,0
HTTP-FVBpiV2HfePPT1NTd9.jpg,01a7bb963dc671750e621e2c2a79d41a,NULL,0
HTTP-FQGR9l2JrFPdUU5Ek1.txt,8f57f83c008c9dacec54bf478d103bea,NULL,0
HTTP-FNWmEW13eToV9BHQUe.txt,21eed4e1a8036b3631637d0bc6dc9343,NULL,0
HTTP-F5lZVE4X6D85TcFahc.html,06bc3bfeb5cdbd322c2a1001b60f6d8f,NULL,0
HTTP-FCDPGA1f6Ghvax0y63.png,8f47be6396098c70d627387986c3ccc3,NULL,0
